{"version": 1, "notes": "This is my Qwerty-fr/Azerty layout for Sofle choc v2.1", "documentation": "\"This file is a QMK Configurator export. You can import this at <https://config.qmk.fm>. It can also be used directly with QMK's source code.\n\nTo setup your QMK environment check out the tutorial: <https://docs.qmk.fm/#/newbs>\n\nYou can convert this file to a keymap.c using this command: `qmk json2c {keymap}`\n\nYou can compile this keymap using this command: `qmk compile {keymap}`\"\n", "keyboard": "sofle_choc", "keymap": "v21_layout_mine", "layout": "LAYOUT", "layers": [["KC_ESC", "KC_1", "KC_2", "KC_3", "KC_4", "KC_5", "KC_6", "KC_7", "KC_8", "KC_9", "KC_0", "KC_MINS", "KC_TAB", "KC_Q", "KC_W", "KC_E", "KC_R", "KC_T", "KC_Y", "KC_U", "KC_I", "KC_O", "KC_P", "KC_BSPC", "KC_CAPS", "KC_A", "KC_S", "KC_D", "KC_F", "KC_G", "KC_H", "KC_J", "KC_K", "KC_L", "KC_SCLN", "KC_QUOT", "KC_LSFT", "KC_Z", "KC_X", "KC_C", "KC_V", "KC_B", "KC_MPLY", "KC_NO", "KC_N", "KC_M", "KC_COMM", "KC_DOT", "KC_SLSH", "KC_RSFT", "LT(4,KC_NO)", "KC_LALT", "KC_LGUI", "KC_LCTL", "KC_ENT", "KC_SPC", "KC_RCTL", "KC_APP", "KC_RALT", "LT(1,KC_NO)"], ["KC_ESC", "KC_1", "KC_2", "KC_3", "KC_4", "KC_5", "KC_6", "KC_7", "KC_7", "KC_8", "KC_9", "KC_0", "KC_TAB", "KC_A", "KC_Z", "KC_E", "KC_R", "KC_T", "KC_Y", "KC_U", "KC_I", "KC_O", "KC_P", "KC_BSPC", "KC_CAPS", "KC_Q", "KC_S", "KC_D", "KC_F", "KC_G", "KC_H", "KC_J", "KC_K", "KC_L", "KC_M", "KC_DEL", "KC_LSFT", "KC_W", "KC_X", "KC_C", "KC_V", "KC_B", "KC_MPLY", "KC_NO", "KC_N", "KC_COMM", "KC_SCLN", "KC_BSLS", "KC_EQL", "KC_RSFT", "LT(0,KC_NO)", "KC_LALT", "KC_LGUI", "KC_LCTL", "KC_ENT", "KC_SPC", "KC_RCTL", "KC_APP", "KC_LALT", "LT(2,KC_NO)"], ["KC_NO", "KC_F1", "KC_F2", "KC_F3", "KC_F4", "KC_F5", "KC_F6", "KC_F7", "KC_F8", "KC_F9", "KC_F10", "KC_F11", "KC_GRV", "KC_1", "KC_2", "KC_3", "KC_4", "KC_5", "KC_6", "KC_7", "KC_8", "KC_9", "KC_0", "KC_F12", "KC_NO", "KC_EXLM", "KC_AT", "KC_HASH", "KC_DLR", "KC_PERC", "KC_CIRC", "KC_AMPR", "KC_ASTR", "KC_LPRN", "KC_RPRN", "KC_PIPE", "KC_NO", "KC_EQL", "KC_MINS", "KC_PLUS", "KC_LCBR", "KC_RCBR", "KC_TRNS", "KC_TRNS", "KC_LBRC", "KC_RBRC", "KC_SCLN", "KC_COLN", "KC_BSLS", "KC_TRNS", "LT(1,KC_NO)", "KC_NO", "KC_NO", "KC_NO", "KC_TRNS", "KC_TRNS", "KC_TRNS", "KC_TRNS", "KC_TRNS", "LT(3,KC_NO)"], ["KC_TRNS", "KC_TRNS", "KC_TRNS", "KC_TRNS", "KC_TRNS", "KC_TRNS", "KC_TRNS", "KC_TRNS", "KC_TRNS", "KC_TRNS", "KC_TRNS", "KC_DEL", "KC_TRNS", "KC_INS", "KC_PSCR", "KC_APP", "KC_NO", "KC_NO", "KC_PGUP", "LCTL(KC_LEFT)", "KC_UP", "LCTL(KC_RGHT)", "LCTL(KC_BSPC)", "KC_BSPC", "KC_TRNS", "KC_PSCR", "KC_SCRL", "KC_PAUS", "KC_NO", "KC_CAPS", "KC_PGDN", "KC_LEFT", "KC_DOWN", "KC_RGHT", "KC_TRNS", "KC_BSPC", "KC_TRNS", "LCTL(KC_Z)", "LCTL(KC_X)", "LCTL(KC_C)", "LCTL(KC_V)", "KC_NO", "KC_TRNS", "KC_TRNS", "KC_NO", "KC_HOME", "KC_NO", "KC_END", "KC_NO", "KC_RSFT", "LT(2,KC_NO)", "KC_LALT", "KC_LGUI", "KC_LCTL", "KC_ENT", "KC_SPC", "KC_RCTL", "KC_APP", "KC_LALT", "LT(4,KC_NO)"], ["KC_NO", "KC_NO", "KC_NO", "KC_NO", "KC_NO", "KC_NO", "KC_NO", "KC_NO", "KC_NO", "KC_NO", "KC_NO", "KC_NO", "QK_BOOT", "KC_NO", "PDF(0)", "PDF(1)", "CG_TOGG", "KC_NO", "KC_NO", "KC_NO", "KC_NO", "KC_NO", "KC_NO", "KC_NO", "KC_NO", "KC_NO", "CG_TOGG", "KC_NO", "KC_NO", "KC_NO", "KC_NO", "KC_VOLD", "KC_MUTE", "KC_VOLU", "KC_NO", "KC_NO", "KC_NO", "KC_NO", "KC_NO", "KC_NO", "KC_NO", "KC_NO", "KC_NO", "KC_NO", "KC_NO", "KC_MPRV", "KC_MPLY", "KC_MNXT", "KC_NO", "KC_NO", "LT(3,KC_NO)", "KC_TRNS", "KC_TRNS", "KC_TRNS", "KC_TRNS", "KC_TRNS", "KC_TRNS", "KC_TRNS", "KC_TRNS", "LT(0,KC_NO)"]], "author": "RN sofle chocv2.1"}
